customer_id,initial_loan,days_since_loan,ontime_pct,num_increases,total_profit,risk_tier,eligible,remaining_capacity,ontime_norm,loan_norm,risk_score,uptake_prob,uptake_prob_adj,expected_npv,default_rate,avg_increases,exposure,efficiency
24183,527,334,98.14,5,120,Prime,True,1,0.907,0.10542108421684337,0.903273674734947,0.9084005695301377,0.8357285239677267,27.09535591016512,0.011666666666666667,0.8316666666666667,438.28833333333336,0.06182084680213966
29555,515,195,98.46,5,120,Prime,True,1,0.9229999999999997,0.10302060412082416,0.9151938187637525,0.9166274140367403,0.8432972209138011,22.81161784699232,0.021666666666666667,0.8316666666666667,428.30833333333334,0.053259803911494416
29002,585,352,96.57,5,120,Prime,True,1,0.8284999999999997,0.1170234046809362,0.8448429785957189,0.8661572590584173,0.796864678333744,23.608501969451854,0.013333333333333334,0.7766666666666666,454.34999999999997,0.051961047583254885
4495,562,202,98.71,5,120,Prime,True,1,0.9354999999999997,0.11242248449689939,0.9211232546509298,0.9229688597518144,0.8491313509716693,25.614317614276843,0.018333333333333333,0.8833333333333333,496.43333333333334,0.051596691628839404
29994,519,275,97.0,4,80,Prime,True,2,0.85,0.10382076415283056,0.8638537707541507,0.8780487804878049,0.8078048780487805,42.30696082820565,0.043333333333333335,1.5966666666666667,828.67,0.05105405146584968
13256,520,191,97.97,3,40,Prime,True,3,0.8985,0.10402080416083216,0.8977437587517503,0.9039790326423636,0.8316607100309745,63.90892161372588,0.065,2.4283333333333332,1262.7333333333333,0.0506115740565909
7593,575,290,96.07,5,120,Prime,True,1,0.8034999999999997,0.11502300460092019,0.8279430986197236,0.8520089842775141,0.7838482655353131,22.610777133201672,0.016666666666666666,0.79,454.25,0.049776064134731256
16031,518,193,95.31,0,0,Prime,True,6,0.7655000000000001,0.10362072414482897,0.8047637827565514,0.8298142966166371,0.7634291528873062,110.41025290353467,0.11666666666666667,4.368333333333333,2262.7966666666666,0.04879371378347502
9650,543,296,97.96,4,80,Prime,True,2,0.8979999999999997,0.10862172434486897,0.896013482696539,0.9037178265014297,0.8314204003813154,43.67422701935466,0.043333333333333335,1.6533333333333333,897.76,0.04864799837301134
1726,505,210,96.72,0,0,Prime,True,6,0.836,0.10102020404080816,0.8548939387877574,0.8703339882121807,0.8007072691552063,109.88461457965435,0.13333333333333333,4.511666666666667,2278.391666666667,0.04822902760192139
25740,529,108,98.72,3,40,Prime,True,3,0.9359999999999999,0.10582116423284657,0.9234536507301458,0.9232209737827715,0.8493632958801498,61.70290841353321,0.07,2.445,1293.405,0.047705790849372945
16173,503,166,96.69,4,80,Prime,True,2,0.8344999999999999,0.10062012402480495,0.8539639627925585,0.8695011059228311,0.7999410174490047,37.78303916090652,0.05333333333333334,1.575,792.225,0.047692308575097375
10362,511,107,95.4,0,0,Prime,True,6,0.7700000000000002,0.10222044408881777,0.8083338667733548,0.8324873096446702,0.7658883248730967,105.18616177238896,0.12666666666666668,4.321666666666666,2208.3716666666664,0.0476306426857748
30960,511,293,97.37,0,0,Prime,True,6,0.8685000000000003,0.10222044408881777,0.8772838667733547,0.8880831520425431,0.8170364998791396,110.29613124261095,0.135,4.545,2322.495,0.04749036326993641
8239,528,176,98.07,3,40,Prime,True,3,0.9034999999999996,0.10562112422484497,0.9007636627325463,0.906584264321369,0.8340575231756595,61.05771739857138,0.07333333333333333,2.4633333333333334,1300.64,0.04694436385054387
28649,601,279,95.18,5,120,Prime,True,1,0.7590000000000003,0.12022404480896179,0.7952327865573117,0.8259315977539563,0.7598570699336399,20.654199856918936,0.016666666666666666,0.7483333333333333,449.74833333333333,0.045923905273509855
1319,504,149,99.8,3,40,Prime,True,3,0.9899999999999999,0.10082016403280657,0.9627539507901579,0.9497716894977168,0.8737899543378995,57.162572250317524,0.09,2.5083333333333333,1264.2,0.045216399501912294
1049,534,330,99.86,0,0,Prime,True,6,0.993,0.10682136427285457,0.9630535907181436,0.9512083903328773,0.8751117191062472,119.15269861602033,0.145,4.971666666666667,2654.87,0.04488080343520411
24418,517,116,99.71,0,0,Prime,True,6,0.9854999999999997,0.10342068413682737,0.9588237947589515,0.9476092427362158,0.8718005033173186,113.03896300108931,0.15666666666666668,4.895,2530.7149999999997,0.04466680878767041
18514,527,303,99.67,3,40,Prime,True,3,0.9835,0.10542108421684337,0.956823674734947,0.9466452942523472,0.8709136707121595,59.8043610773847,0.085,2.5616666666666665,1349.9983333333332,0.044299581414829925
20404,588,355,95.32,4,80,Prime,True,2,0.7659999999999997,0.11762352470494099,0.8009129425885175,0.8301119023397759,0.7637029501525939,39.420831117102246,0.03833333333333333,1.52,893.76,0.04410673012565146
10947,611,340,98.6,4,80,Prime,True,2,0.9299999999999997,0.1222244448889778,0.9143326665333065,0.9201877934272299,0.8465727699530515,45.249058490382005,0.03833333333333333,1.6883333333333332,1031.5716666666667,0.043864192816186955
24696,572,165,96.18,0,0,Prime,True,6,0.8090000000000004,0.11442288457691538,0.8319731346269257,0.8551518168242909,0.7867396714783477,111.10183011131623,0.11666666666666667,4.508333333333334,2578.766666666667,0.043083320234989425
12288,606,148,96.25,5,120,Prime,True,1,0.8125,0.12122424484896979,0.832382726545309,0.8571428571428571,0.7885714285714286,20.1851396092272,0.02,0.7816666666666666,473.69,0.042612551688292345
4545,586,158,99.63,0,0,Prime,True,6,0.9814999999999998,0.11722344468893779,0.9518829665933185,0.9456795782718312,0.8700252120100848,120.84618492021836,0.125,4.915,2880.19,0.041957712831520964
29652,568,165,98.04,0,0,Prime,True,6,0.9020000000000004,0.11362272454490899,0.8973131826365275,0.905803996194101,0.833339676498573,112.31986190883384,0.13166666666666665,4.725,2683.7999999999997,0.0418510551862411
24222,565,219,98.85,0,0,Prime,True,6,0.9424999999999997,0.11302260452090418,0.9258432186437284,0.9264877479579928,0.8523687281213534,112.04653290660535,0.13333333333333333,4.745,2680.925,0.04179398263905381
7251,566,98,97.67,3,40,Prime,True,3,0.8835000000000001,0.11322264452890578,0.8844832066413284,0.8960883129349653,0.8244012479001681,57.11862364581179,0.075,2.4383333333333335,1380.0966666666668,0.04138740787177597
22272,563,71,95.56,0,0,Prime,True,6,0.7780000000000001,0.11262252450490098,0.8108132426485297,0.8372093023255814,0.770232558139535,101.28348949306692,0.12833333333333333,4.36,2454.6800000000003,0.041261382132525184
9902,525,87,98.5,3,40,Prime,True,3,0.925,0.10502100420084017,0.9159936987397479,0.9176470588235294,0.8442352941176471,53.32677775091187,0.09166666666666666,2.4683333333333333,1295.875,0.0411511741108609
7785,622,232,95.8,4,80,Prime,True,2,0.7899999999999998,0.1244248849769954,0.8156725345069011,0.8442211055276381,0.7766834170854271,38.669856690605954,0.04,1.545,960.99,0.040239603628139685
29334,606,115,97.41,3,40,Prime,True,3,0.8704999999999998,0.12122424484896979,0.872982726545309,0.8891572084037671,0.8180246317314658,57.623166632411305,0.065,2.3716666666666666,1437.23,0.0400932116866551
14322,599,223,96.06,5,120,Prime,True,1,0.8030000000000002,0.11982396479295859,0.8261528105621124,0.8517224163754369,0.783584623065402,18.2881666738113,0.023333333333333334,0.7733333333333333,463.22666666666663,0.03947995223463956
17306,618,291,96.37,3,40,Prime,True,3,0.8185000000000002,0.123624724944989,0.8358625825165034,0.860540004954174,0.7916968045578402,57.82733779752222,0.06333333333333334,2.3733333333333335,1466.72,0.039426296632978496
4447,560,106,98.47,0,0,Prime,True,6,0.9235,0.11202240448089618,0.9128432786557311,0.9168825052978573,0.8435319048740287,98.72449377395779,0.15333333333333332,4.613333333333333,2583.4666666666667,0.038213960740332543
16463,572,115,98.04,4,80,Prime,True,2,0.9020000000000004,0.11442288457691538,0.8970731346269256,0.905803996194101,0.833339676498573,35.910954194831426,0.056666666666666664,1.6433333333333333,939.9866666666667,0.03820368465669523
26551,568,334,96.58,5,120,Prime,True,1,0.829,0.11362272454490899,0.8462131826365272,0.866436668309512,0.7971217348447511,17.46148038091832,0.03,0.82,465.76,0.03749029624896582
1406,614,333,95.19,3,40,Prime,True,3,0.7594999999999998,0.1228245649129826,0.7948026305261051,0.8262311814238326,0.760132686909926,49.9679020697806,0.065,2.1883333333333335,1343.6366666666668,0.03718855201662696
22201,605,139,95.64,0,0,Prime,True,6,0.782,0.1210242048409682,0.8110927385477096,0.8395560040363269,0.7723915237134208,98.95489194845558,0.13166666666666665,4.446666666666666,2690.233333333333,0.03678301458923845
17369,659,315,95.99,4,80,Prime,True,2,0.7994999999999998,0.1318263652730546,0.8201020904180834,0.8497124281070266,0.7817354338584646,35.943444345451425,0.04,1.505,991.795,0.03624080011035691
10335,581,359,99.13,0,0,Prime,True,6,0.9564999999999998,0.11622324464892979,0.934683026605321,0.9334569904938557,0.8587804312543472,100.92560296812586,0.16,4.796666666666667,2786.8633333333332,0.03621476581250577
29296,602,290,95.29,0,0,Prime,True,6,0.7645000000000003,0.12042408481696339,0.7990227745549111,0.8292186306948335,0.7628811402392468,92.74377799826166,0.13666666666666666,4.335,2609.67,0.03553850793328722
6464,643,316,96.68,5,120,Prime,True,1,0.8340000000000003,0.128625725145029,0.8452122824564915,0.8692232055063915,0.7996853490658803,18.600441590092185,0.025,0.825,530.475,0.035063747754544856
10573,686,67,99.78,4,80,Prime,True,2,0.9890000000000001,0.13722744548909782,0.9511317663532707,0.9492919141160348,0.8733485609867521,41.59794357648268,0.045,1.7466666666666666,1198.2133333333334,0.03471664220323816
29991,627,310,99.03,0,0,Prime,True,6,0.9515,0.1254250850170034,0.9284224744948989,0.9309783871717406,0.8565001161980014,104.29073557061174,0.14166666666666666,4.795,3006.465,0.0346888241075854
20701,721,339,96.04,4,80,Prime,True,2,0.8020000000000003,0.14422884576915382,0.8181313462692539,0.8511488511488513,0.7830569430569433,38.27970250919095,0.035,1.5366666666666666,1107.9366666666667,0.03455044287356162
6332,624,99,95.18,4,80,Prime,True,2,0.7590000000000003,0.1248249649929986,0.7938525105021006,0.8259315977539563,0.7598570699336399,31.741903837183,0.04833333333333333,1.48,923.52,0.034370564619264334
11919,684,178,97.47,4,80,Prime,True,2,0.8734999999999999,0.13682736547309463,0.8704017903580715,0.8907644080057873,0.8195032553653243,37.721588744889004,0.043333333333333335,1.6216666666666666,1109.22,0.034007310312552066
7102,586,174,98.86,5,120,Prime,True,1,0.943,0.11722344468893779,0.9249329665933186,0.9267382174521699,0.8525991600559963,17.337088713022172,0.03333333333333333,0.87,509.82,0.03400629381550777
25530,576,323,96.43,0,0,Prime,True,6,0.8215000000000003,0.11522304460892178,0.8404830866173236,0.8622310165718527,0.7932525352461046,87.73212289064648,0.16666666666666666,4.49,2586.2400000000002,0.0339226533077543
13659,660,336,97.0,0,0,Prime,True,6,0.85,0.13202640528105622,0.8553920784156831,0.8780487804878049,0.8078048780487805,102.12328128434592,0.12333333333333334,4.568333333333333,3015.1,0.03387061168264599
5246,768,261,95.5,5,120,Prime,True,1,0.775,0.15363072614522905,0.7964107821564312,0.8354430379746836,0.7686075949367089,19.1614998421654,0.015,0.7383333333333333,567.04,0.03379214842368334
21158,660,178,97.31,3,40,Prime,True,3,0.8655000000000002,0.13202640528105622,0.8662420784156832,0.8864681675139192,0.8155507141128057,53.29912078133225,0.07,2.401666666666667,1585.1000000000001,0.03362508408386363
12557,568,275,95.32,4,80,Prime,True,2,0.7659999999999997,0.11362272454490899,0.8021131826365271,0.8301119023397759,0.7637029501525939,28.004148142390786,0.06,1.4733333333333334,836.8533333333334,0.033463627408694616
4967,686,176,95.1,3,40,Prime,True,3,0.7549999999999997,0.13722744548909782,0.7873317663532704,0.8235294117647057,0.7576470588235293,49.844376705488976,0.058333333333333334,2.1766666666666667,1493.1933333333334,0.033381060303972004
1180,646,131,97.31,4,80,Prime,True,2,0.8655000000000002,0.12922584516903382,0.86708224644929,0.8864681675139192,0.8155507141128057,34.27838337072027,0.05,1.59,1027.14,0.03337264965897567
26014,653,277,95.74,0,0,Prime,True,6,0.7869999999999997,0.13062612522504502,0.8117121624324862,0.8424760946149973,0.7750780070457975,96.41286052315071,0.12833333333333333,4.453333333333333,2908.0266666666666,0.03315404966133416
19235,654,170,99.69,4,80,Prime,True,2,0.9844999999999999,0.1308261652330466,0.949902150430086,0.9471274891279469,0.8713572899977111,37.581963287930684,0.05333333333333334,1.7333333333333334,1133.6000000000001,0.033152755194010834
17224,640,363,98.74,4,80,Prime,True,2,0.9369999999999997,0.1280256051210242,0.9174923184636925,0.9237248479176414,0.8498268600842301,35.40309912539498,0.055,1.6816666666666666,1076.2666666666667,0.032894356224041424
23249,676,243,99.12,0,0,Prime,True,6,0.9560000000000002,0.13522704540908181,0.9286318863772756,0.9332096474953618,0.8585528756957329,106.80687725481403,0.135,4.891666666666667,3306.7666666666664,0.032299490112641965
9401,596,263,96.07,0,0,Prime,True,6,0.8034999999999997,0.11922384476895379,0.8266828465693135,0.8520089842775141,0.7838482655353131,85.1978943952874,0.16166666666666665,4.441666666666666,2647.233333333333,0.03218374947251372
2392,773,231,98.74,5,120,Prime,True,1,0.9369999999999997,0.15463092618523705,0.9095107221444287,0.9237248479176414,0.8498268600842301,20.957404547415685,0.02,0.8683333333333333,671.2216666666666,0.031222777195932323
18182,678,322,96.0,4,80,Prime,True,2,0.8,0.135627125425085,0.8193118623724744,0.85,0.782,32.541064443627356,0.04833333333333333,1.5516666666666667,1052.03,0.030931688681527483
27325,693,189,98.72,0,0,Prime,True,6,0.9359999999999999,0.13862772554510902,0.9136116823364672,0.9232209737827715,0.8493632958801498,103.10170908923713,0.13166666666666665,4.8133333333333335,3335.64,0.030909123613230786
22173,644,76,96.53,0,0,Prime,True,6,0.8265,0.1288257651530306,0.8399022704540908,0.8650382432765853,0.7958351838144585,88.31707090852065,0.145,4.445,2862.5800000000004,0.030852262961566363
11352,675,119,99.85,0,0,Prime,True,6,0.9924999999999997,0.1350270054010802,0.9542418983796757,0.9509692132269097,0.874891676168757,102.57492696614523,0.14666666666666667,4.941666666666666,3335.625,0.030751336545968216
19325,629,289,96.23,3,40,Prime,True,3,0.8115000000000002,0.12582516503300661,0.8303024504900982,0.8565746955008701,0.7880487198608005,44.78176507824887,0.08333333333333333,2.316666666666667,1457.1833333333334,0.03073173021805689
11234,803,121,98.37,3,40,Prime,True,3,0.9185000000000002,0.16063212642528504,0.8947603620724146,0.9143261741798443,0.8411800802454568,60.59738948587865,0.05,2.4583333333333335,1974.0416666666667,0.030697117750408162
22246,661,240,96.91,0,0,Prime,True,6,0.8454999999999998,0.1322264452890578,0.8521820664132825,0.8755805426546076,0.8055340992422391,92.0572670495477,0.14166666666666666,4.553333333333334,3009.7533333333336,0.03058631617083162
28875,729,218,97.33,0,0,Prime,True,6,0.8664999999999999,0.14582916583316663,0.86280125025005,0.8870070166948947,0.8160464553593031,99.89264350434182,0.115,4.5633333333333335,3326.67,0.030027818660805495
19740,681,299,97.12,0,0,Prime,True,6,0.8560000000000002,0.13622724544908982,0.858331826365273,0.8813229571984437,0.8108171206225682,91.43889528492733,0.13833333333333334,4.543333333333333,3094.0099999999998,0.02955352286674165
8045,722,272,95.83,0,0,Prime,True,6,0.7914999999999999,0.14442888577715543,0.8107213342668531,0.8450916394677378,0.7774843083103188,94.54553393152743,0.12,4.468333333333334,3226.1366666666668,0.02930611554941176
29663,635,357,98.64,3,40,Prime,True,3,0.932,0.1270254050810162,0.9142923784756951,0.9212007504690432,0.8475046904315198,44.090003648348755,0.09,2.405,1527.175,0.028870302125394116
18461,768,230,97.44,0,0,Prime,True,6,0.8719999999999999,0.15363072614522905,0.8643107821564311,0.8899613899613898,0.8187644787644787,102.18458739430376,0.11,4.62,3548.16,0.02879931778564207
22443,747,170,98.87,5,120,Prime,True,1,0.9435000000000002,0.14942988597719545,0.9156210342068414,0.9269885700956381,0.852829484487987,17.870936287743067,0.023333333333333334,0.8316666666666667,621.255,0.028765863112156953
29448,658,189,96.85,4,80,Prime,True,2,0.8424999999999997,0.13162632526505302,0.8502621024204838,0.8739290085679313,0.8040146878824969,29.712299597608986,0.056666666666666664,1.5783333333333334,1038.5433333333333,0.028609590610190222
2445,750,164,97.41,0,0,Prime,True,6,0.8704999999999998,0.15003000600120023,0.8643409981996397,0.8891572084037671,0.8180246317314658,100.31639331327303,0.12166666666666667,4.695,3521.25,0.028488858590918858
26198,674,118,97.14,0,0,Prime,True,6,0.857,0.13482696539307862,0.8594519103820764,0.881866796305299,0.8113174526008751,86.45353412674154,0.14833333333333334,4.525,3049.8500000000004,0.02834681513082333
4592,738,245,98.21,0,0,Prime,True,6,0.9104999999999996,0.14762952590518102,0.8930611422284455,0.9102108505093578,0.8373939824686092,99.1172166476095,0.12833333333333333,4.753333333333333,3507.9599999999996,0.028254944938827554
6714,696,318,99.46,0,0,Prime,True,6,0.9729999999999996,0.13922784556911383,0.9393316463292656,0.9415554532903818,0.8662310170271513,95.29884138591852,0.15166666666666667,4.878333333333333,3395.3199999999997,0.02806770536677501
6898,757,175,96.09,0,0,Prime,True,6,0.8045000000000002,0.15143028605721146,0.8177209141828368,0.8525816911948118,0.7843751558992268,93.8466864778858,0.11333333333333333,4.423333333333333,3348.463333333333,0.028026792332966406
4473,993,176,96.77,5,120,Prime,True,1,0.8384999999999998,0.19863972794558912,0.8273580816163231,0.8717194015207259,0.8019818493990679,22.998205348836493,0.011666666666666667,0.835,829.155,0.027736919332135117
26226,730,234,95.18,0,0,Prime,True,6,0.7590000000000003,0.14602920584116824,0.7874912382476498,0.8259315977539563,0.7598570699336399,86.28394723082434,0.12666666666666668,4.35,3175.4999999999995,0.027171767353432325
29368,860,275,95.32,4,80,Prime,True,2,0.7659999999999997,0.17203440688137628,0.7845896779355869,0.8301119023397759,0.7637029501525939,36.00260292291803,0.03333333333333333,1.545,1328.7,0.027096111178533926
6755,725,354,95.72,4,80,Prime,True,2,0.7859999999999999,0.14502900580116024,0.8066912982596518,0.8418932527693856,0.7745417925478348,29.99768400698585,0.04833333333333333,1.5283333333333333,1108.0416666666667,0.02707270395095177
28735,604,344,96.52,5,120,Prime,True,1,0.8259999999999998,0.1208241648329666,0.8419527505501099,0.8647581441263572,0.7955774925962487,12.913410023466225,0.035,0.79,477.16,0.02706306065777983
19170,984,151,99.51,5,120,Prime,True,1,0.9755000000000003,0.19683936787357473,0.9237981896379277,0.9427717766030799,0.8673500344748335,22.64705803633808,0.013333333333333334,0.8583333333333333,844.5999999999999,0.026813945105775613
6258,692,97,98.81,3,40,Prime,True,3,0.9405000000000001,0.1384276855371074,0.9168216943388678,0.9254846998364868,0.851445923849568,44.88151027754332,0.085,2.4516666666666667,1696.5533333333333,0.026454523648461778
8068,921,80,95.13,5,120,Prime,True,1,0.7564999999999997,0.1842368473694739,0.7742789457891576,0.8244313825709173,0.7584768719652439,18.60821606933571,0.015,0.77,709.1700000000001,0.026239429289642412
24644,723,361,98.18,5,120,Prime,True,1,0.9090000000000004,0.14462892578515704,0.8929113222644531,0.9094357515410149,0.8366808914177337,16.20849347617293,0.028333333333333332,0.855,618.165,0.02622033514704477
19468,755,206,95.81,0,0,Prime,True,6,0.7905000000000001,0.15103020604120823,0.8080409381876376,0.8445114292891234,0.7769505149459935,87.0676300369041,0.12333333333333334,4.405,3325.775,0.02617965137055396
30825,801,237,95.1,0,0,Prime,True,6,0.7549999999999997,0.16023204640928185,0.7804303860772152,0.8235294117647057,0.7576470588235293,92.17873512114414,0.11,4.4,3524.4,0.026154447599916055
5483,744,176,97.21,3,40,Prime,True,3,0.8604999999999997,0.14882976595319064,0.8577010702140425,0.8837660761950981,0.8130647900994903,46.18841713539667,0.075,2.4133333333333336,1795.5200000000002,0.02572425655820969
5885,822,179,97.58,3,40,Prime,True,3,0.8789999999999999,0.16443288657731547,0.8659701340268051,0.8936988936988937,0.8222029822029822,50.07541640301822,0.06,2.3733333333333335,1950.88,0.02566811715893249
25463,767,315,95.85,4,80,Prime,True,2,0.7924999999999998,0.15343068613722743,0.8087207941588315,0.8456712672521955,0.77801756587202,30.662610807487525,0.04666666666666667,1.5616666666666668,1197.7983333333334,0.0255991429894188
16850,737,98,99.15,4,80,Prime,True,2,0.9575000000000002,0.14742948589717944,0.9260211542308463,0.9339513325608344,0.8592352259559677,31.798227829187976,0.056666666666666664,1.7166666666666666,1265.1833333333332,0.02513329648866803
23201,883,309,99.25,3,40,Prime,True,3,0.9625,0.17663532706541307,0.920759401880376,0.9364161849710982,0.8615028901734104,54.161705782212984,0.058333333333333334,2.5216666666666665,2226.6316666666667,0.02432450170947881
15775,824,293,96.64,0,0,Prime,True,6,0.8320000000000001,0.16483296659331867,0.8329501100220045,0.8681102362204725,0.7986614173228347,92.01648678039729,0.11833333333333333,4.593333333333334,3784.9066666666668,0.02431142822907054
24781,786,195,97.0,5,120,Prime,True,1,0.85,0.15723144628925786,0.8478305661132226,0.8780487804878049,0.8078048780487805,15.108404663216655,0.025,0.8066666666666666,634.04,0.023828787873346566
7764,895,127,95.69,5,120,Prime,True,1,0.7844999999999999,0.17903580716143228,0.7954392578515702,0.8410178886369362,0.7737364575459813,16.33288514406915,0.018333333333333333,0.7666666666666667,686.1666666666667,0.023803087409379375
10278,870,212,98.39,4,80,Prime,True,2,0.9195,0.17403480696139229,0.8914395579115822,0.9148384052842652,0.841651332861524,34.06007892856628,0.041666666666666664,1.655,1439.8500000000001,0.02365529668268658
10869,842,333,98.04,5,120,Prime,True,1,0.9020000000000004,0.16843368673734746,0.8808698939787959,0.905803996194101,0.833339676498573,16.14759338876545,0.023333333333333334,0.8316666666666667,700.2633333333333,0.023059315860365078
12908,817,295,96.66,0,0,Prime,True,6,0.8329999999999999,0.16343268653730747,0.8340701940388076,0.8686669945892769,0.7991736350221348,86.01502396390741,0.12666666666666668,4.566666666666666,3730.9666666666667,0.023054353375061176
7994,868,63,98.91,0,0,Prime,True,6,0.9454999999999998,0.1736347269453891,0.9097595819163831,0.9279888137963178,0.8537497086926125,98.72429027986428,0.12166666666666667,4.9383333333333335,4286.473333333333,0.02303158858172397
7585,855,152,96.74,5,120,Prime,True,1,0.8369999999999997,0.17103420684136827,0.8345897379475893,0.870888561610211,0.8012174766813942,15.594309615935897,0.021666666666666667,0.7933333333333333,678.3,0.02299028396865089
16925,770,341,99.97,0,0,Prime,True,6,0.9984999999999999,0.15403080616123224,0.9527407581516303,0.953832158289743,0.8775255856265636,88.12234222560956,0.15666666666666668,4.98,3834.6000000000004,0.0229808434323292
14356,819,263,98.55,0,0,Prime,True,6,0.9274999999999999,0.16383276655331067,0.9001001700340067,0.9189189189189189,0.8454054054054054,89.85466617496682,0.13166666666666665,4.775,3910.7250000000004,0.022976472693673634
8977,770,284,98.09,5,120,Prime,True,1,0.9045000000000002,0.15403080616123224,0.8869407581516304,0.9071038251366121,0.8345355191256832,14.914042682128914,0.028333333333333332,0.8483333333333334,653.2166666666667,0.0228316934383113
8717,1060,189,99.53,5,120,Prime,True,1,0.9765,0.21204240848169634,0.919937277455491,0.9432575235469791,0.8677969216632209,21.198413403964476,0.015,0.8783333333333333,931.0333333333333,0.022768694358201794
18347,1138,289,97.78,5,120,Prime,True,1,0.889,0.22764552910582117,0.8540063412682536,0.8989947343226424,0.8270751555768311,21.035149339850715,0.011666666666666667,0.8183333333333334,931.2633333333333,0.022587756423908794
3344,746,150,96.65,0,0,Prime,True,6,0.8325000000000002,0.14922984596919384,0.8379810462092419,0.868388683886839,0.798917589175892,73.63986962950102,0.14833333333333334,4.413333333333333,3292.3466666666664,0.022366985340598305
16851,835,217,97.24,0,0,Prime,True,6,0.8619999999999998,0.16703340668133626,0.8532899779955989,0.8845780795344325,0.8138118331716779,86.16245231453264,0.12833333333333333,4.626666666666667,3863.266666666667,0.022303004102193127
5896,866,181,95.53,4,80,Prime,True,2,0.7765000000000001,0.17323464692938587,0.7915796059211841,0.8363268403743992,0.7694206931444473,29.175277056298103,0.041666666666666664,1.5216666666666667,1317.7633333333333,0.022139997614365328
30040,796,190,97.24,3,40,Prime,True,3,0.8619999999999998,0.15923184636927384,0.8556304460892177,0.8845780795344325,0.8138118331716779,41.71003178243829,0.07666666666666666,2.4,1910.3999999999999,0.021833140589634786
21454,787,101,99.76,4,80,Prime,True,2,0.9880000000000002,0.15743148629725945,0.9443705541108223,0.9488117001828155,0.8729067641681902,29.472696389910453,0.058333333333333334,1.745,1373.315,0.02146098774855765
18101,825,129,97.9,5,120,Prime,True,1,0.8950000000000002,0.16503300660132025,0.8769900980196041,0.902147971360382,0.8299761336515515,13.896881647769945,0.025,0.795,655.875,0.021188308210817526
26161,821,241,97.62,0,0,Prime,True,6,0.8810000000000002,0.16423284656931386,0.867430146029206,0.8947621335896205,0.8231811629024509,80.70511429967729,0.14,4.656666666666666,3823.123333333333,0.021109733394164797
7747,837,324,97.5,0,0,Prime,True,6,0.875,0.16743348669733946,0.8622699539907981,0.891566265060241,0.8202409638554217,82.84881915737363,0.13666666666666666,4.693333333333333,3928.32,0.021090140099934228
5323,787,105,97.43,0,0,Prime,True,6,0.8715000000000004,0.15743148629725945,0.8628205541108224,0.8896934588462468,0.8185179821385471,76.11848054855321,0.15,4.601666666666667,3621.5116666666668,0.02101842753929732
24311,870,331,95.97,0,0,Prime,True,6,0.7985,0.17403480696139229,0.8067395579115823,0.8491368526394796,0.7812059044283213,81.32631035675368,0.12,4.448333333333333,3870.0499999999997,0.021014278977468943
11422,1020,161,97.68,4,80,Prime,True,2,0.8840000000000003,0.20404080816163234,0.8575877575515105,0.8963531669865645,0.8246449136276394,34.735981188248,0.03333333333333333,1.6216666666666666,1654.1,0.02099992817136086
23148,900,136,96.54,0,0,Prime,True,6,0.8270000000000003,0.18003600720144028,0.824889197839568,0.8653182042427234,0.7960927479033056,84.32307104191128,0.11333333333333333,4.496666666666667,4047.0000000000005,0.020835945402004268
10102,889,314,99.02,4,80,Prime,True,2,0.9509999999999998,0.1778355671134227,0.9123493298659731,0.9307298930729893,0.8562715016271502,30.899189196518126,0.04666666666666667,1.6783333333333332,1492.0383333333332,0.02070938025264194
3037,1021,318,96.73,5,120,Prime,True,1,0.8365000000000002,0.20424084816963392,0.8242777455491099,0.8706113429904249,0.800962435551191,16.507810927048034,0.016666666666666666,0.7816666666666666,798.0816666666666,0.020684363037677476
15502,817,259,95.8,5,120,Prime,True,1,0.7899999999999998,0.16343268653730747,0.8039701940388075,0.8442211055276381,0.7766834170854271,12.82141201908467,0.025,0.7633333333333333,623.6433333333333,0.02055888571846836
14737,870,106,98.29,4,80,Prime,True,2,0.9145000000000003,0.17403480696139229,0.8879395579115825,0.9122724048238355,0.8392906124379287,30.55814166737008,0.05,1.7166666666666666,1493.5,0.020460757728403133
6812,913,61,98.26,0,0,Prime,True,6,0.9130000000000003,0.1826365273054611,0.8843090418083618,0.9115002366303835,0.8385802176999528,89.55269944889655,0.12166666666666667,4.8133333333333335,4394.573333333334,0.02037801912864424
13255,934,120,95.69,0,0,Prime,True,6,0.7844999999999999,0.1868373674734947,0.7930987897579516,0.8410178886369362,0.7737364575459813,83.14728704519261,0.10666666666666667,4.3933333333333335,4103.373333333334,0.020263154310078035
3318,782,285,95.27,0,0,Prime,True,6,0.7634999999999998,0.15643128625725145,0.7875206141228244,0.8286223580341227,0.7623325693913928,67.46561016777196,0.14833333333333334,4.316666666666666,3375.633333333333,0.019986059949571526
14721,839,228,95.35,5,120,Prime,True,1,0.7674999999999997,0.16783356671334268,0.7868999299859969,0.8310038119440913,0.7645235069885641,13.106476258013327,0.025,0.7816666666666666,655.8183333333333,0.019984918981140604
22498,903,294,96.82,0,0,Prime,True,6,0.8409999999999996,0.1806361272254451,0.8345091618323661,0.8731014208721213,0.8032533072023517,82.30460065824774,0.12,4.5633333333333335,4120.6900000000005,0.01997349974354968
4417,869,210,99.15,4,80,Prime,True,2,0.9575000000000002,0.17383476695339067,0.9180995699139829,0.9339513325608344,0.8592352259559677,29.047621867901697,0.05,1.6783333333333332,1458.4716666666666,0.019916480060452574
20016,805,233,98.18,3,40,Prime,True,3,0.9090000000000004,0.16103220644128827,0.8879903380676137,0.9094357515410149,0.8366808914177337,38.543011830065296,0.08166666666666667,2.4166666666666665,1945.4166666666665,0.01981221426261656
14304,1213,154,99.21,5,120,Prime,True,1,0.9604999999999997,0.2426485297059412,0.8995554410882174,0.935431613052534,0.8605970840083312,20.98591097130849,0.013333333333333334,0.8766666666666667,1063.3966666666668,0.019734791004274183
28566,779,68,98.94,5,120,Prime,True,1,0.9469999999999998,0.15583116623324664,0.9161506501300258,0.9287377736376339,0.8544387517466232,13.344893621480878,0.03166666666666667,0.8683333333333333,676.4316666666666,0.019728369145167478
3565,919,342,98.76,0,0,Prime,True,6,0.9380000000000003,0.18383676735347068,0.9014489697939589,0.9242282507015904,0.8502899906454632,86.65882140064402,0.12666666666666668,4.835,4443.365,0.0195029715993721
23344,909,137,96.45,0,0,Prime,True,6,0.8225000000000001,0.1818363672734547,0.8211990898179637,0.8627935723114958,0.7937700865265761,79.35941291278239,0.12166666666666667,4.5183333333333335,4107.165,0.01932218766783959
22256,792,350,98.44,0,0,Prime,True,6,0.9219999999999999,0.15843168633726745,0.8978704940988196,0.9161168708765315,0.842827521206409,70.1962218453488,0.16333333333333333,4.673333333333333,3701.2799999999997,0.018965390850016427
24088,898,141,96.2,0,0,Prime,True,6,0.8100000000000002,0.17963592718543708,0.813109221844369,0.855721393034826,0.78726368159204,76.75007974814635,0.12666666666666668,4.531666666666666,4069.4366666666665,0.01886012390285298
5865,919,215,97.73,3,40,Prime,True,3,0.8865000000000002,0.18383676735347068,0.8653989697939588,0.897675533189552,0.8258614905343878,40.77347632092127,0.06666666666666667,2.3733333333333335,2181.0933333333337,0.018694053893882547
6634,935,141,98.07,3,40,Prime,True,3,0.9034999999999996,0.1870374074814963,0.8763387777555508,0.906584264321369,0.8340575231756595,42.16232073104205,0.06666666666666667,2.43,2272.05,0.01855695109308424
23351,851,270,98.68,0,0,Prime,True,6,0.9340000000000004,0.17023404680936188,0.9027297859571917,0.9222118088097472,0.8484348641049675,74.99245795732072,0.15166666666666667,4.785,4072.0350000000003,0.018416457117220435
28465,990,145,98.06,5,120,Prime,True,1,0.9030000000000001,0.19803960792158432,0.8726881176235248,0.9063242986210176,0.8338183547313363,15.263894248086753,0.021666666666666667,0.8433333333333334,834.9000000000001,0.018282302369249912
8036,844,347,99.56,0,0,Prime,True,6,0.9780000000000001,0.16883376675335068,0.9339498699739948,0.9439853076216713,0.8684664830119376,74.62573281989275,0.15833333333333333,4.886666666666667,4124.346666666666,0.018093952533870274
16674,890,118,98.55,3,40,Prime,True,3,0.9274999999999999,0.17803560712142427,0.8958393178635726,0.9189189189189189,0.8454054054054054,39.08799299980599,0.075,2.45,2180.5,0.017926160513554685
7584,1055,303,96.93,0,0,Prime,True,6,0.8465000000000004,0.21104220844168833,0.8292373374674937,0.8761299780112389,0.8060395797703398,85.59412081872942,0.105,4.65,4905.75,0.017447713564435495
18596,874,125,98.43,0,0,Prime,True,6,0.9215000000000003,0.17483496699339868,0.8925995099019807,0.9158614188074478,0.842592505302852,71.7861633403434,0.15,4.741666666666666,4144.216666666666,0.01732201019260015
23597,974,72,99.26,0,0,Prime,True,6,0.9630000000000003,0.19483896779355872,0.9156483096619326,0.9366620434581601,0.8617290799815073,81.81341541833696,0.13166666666666665,4.9366666666666665,4808.3133333333335,0.017014992523713156
27683,1144,122,98.47,5,120,Prime,True,1,0.9235,0.22884576915383076,0.8777962692538507,0.9168825052978573,0.8435319048740287,16.5415003371032,0.018333333333333333,0.8633333333333333,987.6533333333333,0.01674828583960283
14976,1015,321,95.22,3,40,Prime,True,3,0.7609999999999999,0.20304060812162433,0.7717878175635126,0.827129015808261,0.7609586945436002,37.50166780652579,0.058333333333333334,2.236666666666667,2270.2166666666667,0.016518981803436875
16811,1131,102,97.07,4,80,Prime,True,2,0.8534999999999997,0.22624524904980997,0.8295764252850567,0.8799610421232041,0.8095641587533479,29.947558005786178,0.035,1.61,1820.91,0.016446478961500664
12042,893,182,96.49,0,0,Prime,True,6,0.8244999999999998,0.17863572714542908,0.8235592818563711,0.8639170165472955,0.7948036552235118,65.79810366540984,0.14333333333333334,4.516666666666667,4033.383333333333,0.016313377189227367
17773,933,178,97.23,0,0,Prime,True,6,0.8615000000000002,0.1866373274654931,0.8470588017603522,0.8843075430511764,0.8135629396070824,69.49792355709305,0.13666666666666666,4.593333333333334,4285.58,0.016216690286284016
30700,880,160,98.14,0,0,Prime,True,6,0.907,0.1760352070414083,0.8820894378875775,0.9084005695301377,0.8357285239677267,65.85607321646202,0.15,4.618333333333333,4064.133333333333,0.016204210791098232
7353,1040,337,96.93,3,40,Prime,True,3,0.8465000000000004,0.20804160832166432,0.830137517503501,0.8761299780112389,0.8060395797703398,39.61779217434487,0.06,2.3516666666666666,2445.733333333333,0.016198737464296273
6431,1056,212,95.0,4,80,Prime,True,2,0.75,0.21124224844968995,0.7616273254650929,0.8205128205128205,0.7548717948717949,25.656367573179878,0.03833333333333333,1.5166666666666666,1601.6,0.01601921052271471
25265,944,294,97.61,4,80,Prime,True,2,0.8805,0.1888377675535107,0.8596986697339467,0.8944965152607546,0.8229367940398943,24.636653031333672,0.05,1.6383333333333334,1546.5866666666668,0.015929694444109396
28069,1059,259,97.01,4,80,Prime,True,2,0.8505000000000003,0.21184236847369473,0.8317972894578918,0.8783223603999026,0.8080565715679104,27.512765389673746,0.041666666666666664,1.6383333333333334,1734.9950000000001,0.01585754736450177
23786,934,298,96.38,0,0,Prime,True,6,0.8189999999999997,0.1868373674734947,0.8172487897579515,0.8608221892025754,0.7919564140663694,65.89884912788143,0.135,4.473333333333334,4178.093333333333,0.015772469370689365
29601,1033,205,96.31,0,0,Prime,True,6,0.8155000000000001,0.20664132826565312,0.8088576015203042,0.8588439593153064,0.790136442570082,72.75910788946287,0.115,4.5,4648.5,0.015652169063023098
26989,920,294,98.11,0,0,Prime,True,6,0.9055,0.1840368073614723,0.8786389577915582,0.9076228924246023,0.8350130610306341,67.09650408076182,0.14666666666666667,4.6883333333333335,4313.266666666666,0.015555844158509828
2870,1292,318,97.96,5,120,Prime,True,1,0.8979999999999997,0.25845169033806764,0.8510644928985794,0.9037178265014297,0.8314204003813154,16.614062143375996,0.015,0.83,1072.36,0.015492989428341226
12840,838,145,96.75,0,0,Prime,True,6,0.8375,0.16763352670534107,0.8359599419883976,0.8711656441717791,0.8014723926380368,58.70148653742512,0.16333333333333333,4.525,3791.9500000000003,0.015480553946498533
6149,882,225,98.34,0,0,Prime,True,6,0.9170000000000001,0.1764352870574115,0.8889694138827766,0.9135569201700521,0.840472366556448,63.6214070240481,0.15666666666666668,4.678333333333334,4126.29,0.015418549598803793
8492,940,284,95.21,0,0,Prime,True,6,0.7604999999999997,0.1880376075215043,0.7759387177435484,0.8268298903340983,0.7606834991073704,60.35215914795838,0.12833333333333333,4.218333333333334,3965.2333333333336,0.015220329820344759
12249,952,112,96.15,4,80,Prime,True,2,0.8075000000000003,0.1904380876175235,0.808118573714743,0.8542963885429641,0.785952677459527,22.40519775369227,0.04833333333333333,1.5516666666666667,1477.1866666666667,0.015167479005378876
10216,958,358,96.22,3,40,Prime,True,3,0.8109999999999999,0.1916383276655331,0.81020850170034,0.8562904027846842,0.7877871705619095,33.55204323451301,0.07166666666666667,2.3316666666666666,2233.7366666666667,0.01502059026706207
24836,1014,355,97.07,0,0,Prime,True,6,0.8534999999999997,0.20284056811362272,0.8365978295659129,0.8799610421232041,0.8095641587533479,70.36950002240184,0.12666666666666668,4.631666666666667,4696.51,0.014983359989098678
30261,934,145,96.98,5,120,Prime,True,1,0.8490000000000002,0.1868373674734947,0.8382487897579516,0.8775012201073695,0.80730112249878,11.215982055300394,0.02666666666666667,0.8133333333333334,759.6533333333333,0.014764605857891838
9516,858,229,99.87,0,0,Prime,True,6,0.9935000000000003,0.17163432686537308,0.9439597019403883,0.9514474583998177,0.8753316617278323,60.581463688945355,0.17333333333333334,4.833333333333333,4147.0,0.014608503421496348
7792,1061,324,99.64,0,0,Prime,True,6,0.982,0.21224244848969795,0.9237272654530905,0.9459211732355637,0.8702474793767186,77.12299289451762,0.13166666666666665,5.015,5320.915,0.0144943102632757
9416,942,355,98.91,0,0,Prime,True,6,0.9454999999999998,0.1884376875375075,0.9053186937387475,0.9279888137963178,0.8537497086926125,64.4071094450287,0.15166666666666667,4.8,4521.599999999999,0.014244318260135506
27623,1038,76,97.25,0,0,Prime,True,6,0.8625,0.20764152830566113,0.8414575415083017,0.8848484848484849,0.8140606060606062,67.6797594135577,0.12666666666666668,4.605,4779.990000000001,0.014158975105294716
16703,919,184,95.6,0,0,Prime,True,6,0.7799999999999997,0.18383676735347068,0.7908489697939585,0.8383838383838382,0.7713131313131312,56.994539335170074,0.14666666666666667,4.395,4039.0049999999997,0.0141110346075754
28738,1090,175,95.82,3,40,Prime,True,3,0.7909999999999997,0.21804360872174436,0.7882869173834764,0.8448016072325463,0.7772174786539426,35.46713568629423,0.06166666666666667,2.3383333333333334,2548.7833333333333,0.013915319996976686
2901,1189,180,98.2,3,40,Prime,True,3,0.9100000000000001,0.2378475695139028,0.8656457291458292,0.9099526066350712,0.8371563981042655,39.76404023623985,0.056666666666666664,2.4516666666666667,2915.0316666666668,0.013641031996647212
11496,992,232,96.89,3,40,Prime,True,3,0.8445,0.1984396879375875,0.8316180936187236,0.8750305698214722,0.8050281242357544,31.57112107168193,0.07166666666666667,2.3333333333333335,2314.666666666667,0.013639597237189771
26458,936,101,97.98,0,0,Prime,True,6,0.8990000000000002,0.1872374474894979,0.8731287657531507,0.904240114340162,0.8319009051929491,59.61450658902775,0.15333333333333332,4.675,4375.8,0.013623681747115441
13507,943,86,97.47,0,0,Prime,True,6,0.8734999999999999,0.18863772754550912,0.8548586817363472,0.8907644080057873,0.8195032553653243,59.905568216147486,0.15333333333333332,4.665,4399.095,0.013617702781173737
13899,1066,232,99.88,0,0,Prime,True,6,0.9939999999999998,0.21324264852970595,0.9318272054410879,0.9516864175022788,0.8755515041020965,72.08953705133952,0.13333333333333333,4.976666666666667,5305.126666666667,0.013588655197300884
3995,1143,60,99.26,0,0,Prime,True,6,0.9630000000000003,0.22864572914582917,0.9055062812562513,0.9366620434581601,0.8617290799815073,75.79580607543052,0.11833333333333333,4.923333333333333,5627.37,0.013469134973429954
20129,959,266,97.46,0,0,Prime,True,6,0.8729999999999997,0.1918383676735347,0.8535484896979393,0.8904968644476602,0.8192571152918474,58.41474049700815,0.14666666666666667,4.553333333333334,4366.646666666667,0.013377482758777858
20488,973,198,97.69,3,40,Prime,True,3,0.8844999999999998,0.1946389277855571,0.8607583216643327,0.8966178939793715,0.8248884624610219,30.430306498375952,0.07666666666666666,2.3733333333333335,2309.2533333333336,0.01317755226727367
1004,966,301,95.86,0,0,Prime,True,6,0.7929999999999999,0.1932386477295459,0.7971284056811361,0.8459608630205719,0.7782839939789262,54.63983051083984,0.14,4.336666666666667,4189.22,0.01304296038662086
22194,1068,276,97.82,0,0,Prime,True,6,0.8909999999999997,0.21364272854570915,0.8596071814362869,0.9000478240076517,0.8280439980870397,65.71959648741021,0.13,4.7283333333333335,5049.860000000001,0.013014142270758042
12646,1109,273,96.26,0,0,Prime,True,6,0.8130000000000003,0.22184436887377476,0.8025466893378677,0.8574267262791855,0.7888325881768506,63.86666964683893,0.11666666666666667,4.465,4951.6849999999995,0.01289796698433744
2429,927,201,97.05,5,120,Prime,True,1,0.8524999999999998,0.1854370874174835,0.8411188737747547,0.8794153471376369,0.809062119366626,9.99538881406966,0.03,0.8433333333333334,781.7700000000001,0.012785587594905994
16670,1011,177,95.93,3,40,Prime,True,3,0.7965000000000003,0.2022404480896179,0.7968778655731148,0.8479839719509144,0.7801452541948413,29.42999877081755,0.07166666666666667,2.2933333333333334,2318.56,0.012693222849879905
5137,1036,174,96.43,0,0,Prime,True,6,0.8215000000000003,0.20724144828965793,0.8128775655131028,0.8622310165718527,0.7932525352461046,58.07603419239713,0.13166666666666665,4.455,4615.38,0.01258315332483937
13910,1117,269,98.04,5,120,Prime,True,1,0.9020000000000004,0.22344468893778754,0.864366593318664,0.905803996194101,0.833339676498573,11.806842477806924,0.023333333333333334,0.8483333333333334,947.5883333333334,0.01245988586232797
21741,1039,142,97.37,0,0,Prime,True,6,0.8685000000000003,0.20784156831366274,0.8455975295059013,0.8880831520425431,0.8170364998791396,59.45971276321017,0.13666666666666666,4.601666666666667,4781.131666666666,0.012436326148002655
13387,1011,320,98.4,4,80,Prime,True,2,0.9200000000000003,0.2022404480896179,0.8833278655731147,0.9150943396226416,0.8418867924528304,20.64510943587386,0.05333333333333334,1.6666666666666667,1685.0,0.012252290466393981
9781,1172,89,97.5,3,40,Prime,True,3,0.875,0.23444688937787558,0.8421659331866372,0.891566265060241,0.8202409638554217,34.81236273353023,0.06166666666666667,2.425,2842.1,0.012248816978125411
30278,1049,199,95.68,4,80,Prime,True,2,0.7840000000000004,0.20984196839367875,0.7858474094818966,0.8407258064516131,0.7734677419354841,19.719964837543515,0.04666666666666667,1.54,1615.46,0.012207027619095189
27557,1040,229,97.4,4,80,Prime,True,2,0.8700000000000003,0.20804160832166432,0.8465875175035009,0.8888888888888891,0.8177777777777779,19.88563001662309,0.04833333333333333,1.58,1643.2,0.012101770944877731
8468,880,317,95.37,4,80,Prime,True,2,0.7685000000000002,0.1760352070414083,0.7851394378875776,0.8315976631953266,0.7650698501397005,16.425084872918895,0.06,1.5466666666666666,1361.0666666666666,0.012067803345110865
19047,1047,81,96.43,5,120,Prime,True,1,0.8215000000000003,0.20944188837767552,0.8122174334866975,0.8622310165718527,0.7932525352461046,10.035556956827804,0.025,0.8066666666666666,844.5799999999999,0.011882304763110427
28888,1135,107,98.69,0,0,Prime,True,6,0.9344999999999999,0.22704540908181636,0.8860363772754549,0.922464277348325,0.8486671351604591,62.11392293852565,0.12833333333333333,4.761666666666667,5404.491666666667,0.011493018542636723
15179,1014,279,95.71,0,0,Prime,True,6,0.7854999999999996,0.20284056811362272,0.7889978295659129,0.841601611684714,0.7742734827499369,50.612998139980874,0.14166666666666666,4.385,4446.389999999999,0.011382941698767062
7695,1112,262,96.7,3,40,Prime,True,3,0.8350000000000002,0.22244448889777957,0.8177666533306662,0.8697788697788699,0.8001965601965603,29.383621059927513,0.06833333333333333,2.3666666666666667,2631.7333333333336,0.01116512098234149
9709,1245,246,95.67,0,0,Prime,True,6,0.7835000000000001,0.24904980996199239,0.7737350570114022,0.8404335770103353,0.7731988908495084,61.959025632693375,0.10833333333333334,4.471666666666667,5567.225,0.01112924762923959
1648,1023,206,97.33,3,40,Prime,True,3,0.8664999999999999,0.20464092818563712,0.8451577215443088,0.8870070166948947,0.8160464553593031,27.24380358452695,0.07833333333333334,2.3966666666666665,2451.79,0.011111801412244503
15697,1282,293,95.85,4,80,Prime,True,2,0.7924999999999998,0.25645129025805163,0.7778146129225842,0.8456712672521955,0.77801756587202,21.834673294527867,0.03666666666666667,1.545,1980.6899999999998,0.01102377115779242
27321,978,187,99.39,4,80,Prime,True,2,0.9695,0.1956391278255651,0.9199582616523304,0.9398478912191749,0.864660059921641,18.431035311099993,0.06,1.715,1677.27,0.010988711007231986
1097,1002,242,96.57,0,0,Prime,True,6,0.8284999999999997,0.20044008801760352,0.8198179735947186,0.8661572590584173,0.796864678333744,48.570046431655946,0.14666666666666667,4.44,4448.88,0.010917364916935486
19157,1096,179,99.24,0,0,Prime,True,6,0.9619999999999997,0.21924384876975395,0.9076268453690736,0.9361702127659574,0.8612765957446809,58.31208385239572,0.14333333333333334,4.8966666666666665,5366.746666666667,0.01086544371743447
24155,1455,364,99.54,4,80,Prime,True,2,0.9770000000000003,0.2910582116423285,0.8965825365073017,0.9435002296738633,0.8680202112999542,26.504349233879424,0.03333333333333333,1.6933333333333334,2463.8,0.01075750841540686
2365,1019,185,95.34,4,80,Prime,True,2,0.7670000000000001,0.20384076815363072,0.7757477695539108,0.8307066598881546,0.7642501270971023,16.417148769910593,0.05,1.5,1528.5,0.010740692685581022
29182,1395,185,99.24,5,120,Prime,True,1,0.9619999999999997,0.27905581116223244,0.8896832566513301,0.9361702127659574,0.8612765957446809,12.899156811519731,0.018333333333333333,0.8616666666666667,1202.025,0.010731188462402804
11738,1399,74,99.13,5,120,Prime,True,1,0.9564999999999998,0.27985597119423883,0.8855932086417282,0.9334569904938557,0.8587804312543472,12.777356636704841,0.018333333333333333,0.86,1203.1399999999999,0.010620008175860533
2146,1045,154,98.96,0,0,Prime,True,6,0.9479999999999997,0.20904180836167233,0.900887457491498,0.9292364990689012,0.8548975791433892,52.62542460901404,0.15,4.746666666666667,4960.266666666667,0.01060939424137426
13494,1027,252,99.35,3,40,Prime,True,3,0.9674999999999997,0.20544108821764354,0.9156176735347068,0.938869665513264,0.863760092272203,27.406962329386193,0.08333333333333333,2.52,2588.04,0.010589852679783232
26460,1262,62,98.55,5,120,Prime,True,1,0.9274999999999999,0.2524504900980196,0.8735148529705941,0.9189189189189189,0.8454054054054054,11.459582404930327,0.021666666666666667,0.8633333333333333,1089.5266666666666,0.010517945779142925
10618,1203,105,95.14,4,80,Prime,True,2,0.757,0.2406481296259252,0.7577055611122223,0.8247317322432295,0.7587531936637711,18.765773007771248,0.04,1.49,1792.47,0.010469225709647161
3871,1388,226,98.01,5,120,Prime,True,1,0.9005000000000003,0.27765553110622126,0.8470533406681338,0.9050226136634136,0.8326208045703406,11.767970081589455,0.018333333333333333,0.83,1152.04,0.010214897123007409
7045,1227,63,97.7,4,80,Prime,True,2,0.8850000000000001,0.2454490898179636,0.845865273054611,0.8968824940047962,0.8251318944844126,19.530270903506445,0.043333333333333335,1.615,1981.605,0.009855784025326159
4489,1241,105,99.2,3,40,Prime,True,3,0.9600000000000002,0.248249649929986,0.8975251050210042,0.9351851851851852,0.8603703703703705,30.153010072988092,0.065,2.485,3083.8849999999998,0.009777605219710883
26809,1024,292,96.43,4,80,Prime,True,2,0.8215000000000003,0.20484096819363873,0.8135977095419086,0.8622310165718527,0.7932525352461046,15.342402569442454,0.05333333333333334,1.5466666666666666,1583.7866666666666,0.009687164876651604
7150,1095,162,95.64,0,0,Prime,True,6,0.782,0.21904380876175236,0.7816868573714743,0.8395560040363269,0.7723915237134208,47.07669025728981,0.13833333333333334,4.4383333333333335,4859.975,0.009686611609584372
14343,1021,337,97.54,0,0,Prime,True,6,0.8770000000000003,0.20424084816963392,0.85262774554911,0.8926336061627349,0.8212229176697161,44.58620813302269,0.155,4.553333333333334,4648.953333333334,0.00959059059882067
3209,1185,288,97.96,3,40,Prime,True,3,0.8979999999999997,0.23704740948189637,0.8574857771554307,0.9037178265014297,0.8314204003813154,27.13558758256243,0.06833333333333333,2.415,2861.775,0.009482082827113393
26833,1275,71,98.35,4,80,Prime,True,2,0.9174999999999998,0.2550510102020404,0.8657346969393876,0.9138134592680046,0.8407083825265643,20.0684018594848,0.043333333333333335,1.67,2129.25,0.00942510360901012
5296,1461,301,97.27,4,80,Prime,True,2,0.8634999999999998,0.2922584516903381,0.8167724644928984,0.8853889023503755,0.8145577901623455,22.462012916061948,0.035,1.6333333333333333,2386.3,0.009412904042267085
21998,1542,75,98.94,5,120,Prime,True,1,0.9469999999999998,0.3084616923384677,0.8703614922984595,0.9287377736376339,0.8544387517466232,12.283677204742121,0.016666666666666666,0.8466666666666667,1305.56,0.009408741999404181
10749,1347,256,96.65,0,0,Prime,True,6,0.8325000000000002,0.2694538907781556,0.8019138327665534,0.868388683886839,0.798917589175892,57.42685972800182,0.10666666666666667,4.5633333333333335,6146.81,0.009342546740179349
21757,1241,299,95.5,4,80,Prime,True,2,0.775,0.248249649929986,0.7680251050210042,0.8354430379746836,0.7686075949367089,17.840484079604174,0.041666666666666664,1.5433333333333332,1915.2766666666666,0.009314833929791261
27078,1022,342,99.56,0,0,Prime,True,6,0.9780000000000001,0.20444088817763553,0.9232677335467093,0.9439853076216713,0.8684664830119376,45.680240591539786,0.16666666666666666,4.841666666666667,4948.183333333333,0.009231719504775783
18473,1381,76,98.64,5,120,Prime,True,1,0.932,0.27625525105021004,0.8695234246849369,0.9212007504690432,0.8475046904315198,10.661402535930076,0.02,0.8466666666666667,1169.2466666666667,0.009118180825200906
19079,1178,134,99.22,4,80,Prime,True,2,0.961,0.23564712942588517,0.9020058611722344,0.9356779268857011,0.860823692734845,18.060094606422137,0.05,1.6983333333333333,2000.6366666666665,0.009027173652931552
27095,1231,226,99.59,3,40,Prime,True,3,0.9795000000000001,0.24624924984997,0.9117752250450091,0.9447120899288829,0.8691351227345723,27.66194699807201,0.07,2.5216666666666665,3104.1716666666666,0.008911216894063101
17043,1351,86,98.19,4,80,Prime,True,2,0.9094999999999999,0.270254050810162,0.8555737847569512,0.9096942403413131,0.836918701114008,19.703621160018216,0.041666666666666664,1.6766666666666667,2265.1766666666667,0.00869849202049798
15907,1239,188,99.96,5,120,Prime,True,1,0.9979999999999997,0.2478495699139828,0.9242451290258049,0.9535941765241127,0.8773066424021837,9.607960598434897,0.025,0.8916666666666667,1104.775,0.008696757799945595
18712,1430,170,95.49,3,40,Prime,True,3,0.7744999999999997,0.28605721144228846,0.7563328365673132,0.8351481387693085,0.7683362876677639,28.162853670277812,0.051666666666666666,2.27,3246.1,0.00867590452243548
18871,1171,318,96.68,0,0,Prime,True,6,0.8340000000000003,0.23424684936987397,0.813525945189038,0.8692232055063915,0.7996853490658803,46.36848895857609,0.13666666666666666,4.585,5369.035,0.008636279882432521
9429,1452,227,99.3,5,120,Prime,True,1,0.9649999999999999,0.29045809161832364,0.8883625725145028,0.9376443418013856,0.8626327944572747,11.047535005024361,0.02,0.885,1285.02,0.008597169697766853
16146,927,81,95.3,4,80,Prime,True,2,0.7649999999999999,0.1854370874174835,0.7798688737747548,0.8295165394402034,0.7631552162849872,11.657316365870903,0.06166666666666667,1.505,1395.135,0.008355690571787608
17146,1286,201,96.61,5,120,Prime,True,1,0.8305,0.257251450290058,0.8041745649129826,0.8672740704260035,0.7978921447919233,8.593391057157149,0.021666666666666667,0.8,1028.8,0.00835282956566597
3165,1636,148,99.16,5,120,Prime,True,1,0.9579999999999999,0.3272654530906181,0.8724203640728144,0.9341983317886932,0.8594624652455978,11.58397407282641,0.016666666666666666,0.86,1406.96,0.008233335754269069
24349,1251,346,99.2,0,0,Prime,True,6,0.9600000000000002,0.250250050010002,0.8969249849969995,0.9351851851851852,0.8603703703703705,48.63822293755457,0.13333333333333333,4.81,6017.3099999999995,0.008083050887781182
5259,1209,147,96.55,0,0,Prime,True,6,0.8274999999999999,0.24184836967393478,0.8066954890978195,0.8655980271270036,0.7963501849568434,43.8544176433034,0.13333333333333333,4.555,5506.995,0.007963402480536735
21300,1288,87,95.71,0,0,Prime,True,6,0.7854999999999996,0.2576515303060612,0.7725545409081813,0.841601611684714,0.7742734827499369,44.840538723222835,0.11666666666666667,4.38,5641.44,0.0079484207442112
3238,1171,130,97.95,3,40,Prime,True,3,0.8975000000000002,0.23424684936987397,0.8579759451890379,0.9034564958283672,0.8311799761620978,22.34560590766594,0.075,2.4283333333333332,2843.5783333333334,0.007858269858693047
27091,1164,361,95.22,3,40,Prime,True,3,0.7609999999999999,0.23284656931386277,0.762846029205841,0.827129015808261,0.7609586945436002,20.011414781700505,0.06833333333333333,2.1883333333333335,2547.2200000000003,0.007856178414781803
19188,1098,319,96.13,0,0,Prime,True,6,0.8064999999999998,0.21964392878575714,0.7986568213642726,0.8537253924744579,0.7854273610765012,37.497969268995256,0.14666666666666667,4.381666666666667,4811.070000000001,0.007794101783801784
29925,1072,327,96.53,0,0,Prime,True,6,0.8265,0.21444288857771554,0.8142171334266853,0.8650382432765853,0.7958351838144585,36.71889514866381,0.15166666666666667,4.426666666666667,4745.386666666666,0.0077378088927064215
1194,1123,139,99.69,3,40,Prime,True,3,0.9844999999999999,0.22464492898579716,0.9217565213042608,0.9471274891279469,0.8713572899977111,21.728267927228867,0.08166666666666667,2.505,2813.115,0.00772391741085198
25128,1117,283,96.85,0,0,Prime,True,6,0.8424999999999997,0.22344468893778754,0.8227165933186635,0.8739290085679313,0.8040146878824969,39.12483246822086,0.14833333333333334,4.536666666666667,5067.456666666667,0.007720802572537214
9816,1261,249,96.18,0,0,Prime,True,6,0.8090000000000004,0.252250450090018,0.7906248649729948,0.8551518168242909,0.7867396714783477,41.947531848698524,0.125,4.421666666666667,5575.721666666667,0.007523247098124252
6777,1397,86,96.91,3,40,Prime,True,3,0.8454999999999998,0.27945589117823566,0.8080132326465291,0.8755805426546076,0.8055340992422391,24.282145344111036,0.058333333333333334,2.328333333333333,3252.6816666666664,0.007465269532199648
2235,1454,149,99.25,0,0,Prime,True,6,0.9625,0.29085817163432687,0.8864925485097019,0.9364161849710982,0.8615028901734104,53.125301661534486,0.115,4.93,7168.219999999999,0.0074112264497371025
21170,1260,92,98.89,5,120,Prime,True,1,0.9445,0.2520504100820164,0.885534876975395,0.9274889251573794,0.8532898111447891,7.644904589449219,0.025,0.8516666666666667,1073.1,0.007124130639688025
26531,1237,145,98.85,3,40,Prime,True,3,0.9424999999999997,0.2474494898979796,0.8855151530306058,0.9264877479579928,0.8523687281213534,20.365622757907545,0.075,2.473333333333333,3059.5133333333333,0.006656490931425111
2504,1894,121,99.63,5,120,Prime,True,1,0.9814999999999998,0.378875775155031,0.8733872674534905,0.9456795782718312,0.8700252120100848,10.759879273014555,0.015,0.86,1628.84,0.006605854026801009
4128,1479,246,97.68,5,120,Prime,True,1,0.8840000000000003,0.2958591718343669,0.8300422484496902,0.8963531669865645,0.8246449136276394,7.971432717676585,0.02,0.8166666666666667,1207.85,0.0065996876414096
26734,1229,355,98.37,0,0,Prime,True,6,0.9185000000000002,0.2458491698339668,0.86919524904981,0.9143261741798443,0.8411800802454568,38.410031698834466,0.145,4.763333333333334,5854.136666666667,0.006561177827900806
25687,1313,275,99.04,0,0,Prime,True,6,0.9520000000000003,0.2626525305061012,0.8876042408481699,0.9312267657992567,0.8567286245353162,41.70034377348946,0.135,4.846666666666667,6363.673333333333,0.006552873095333219
20948,1056,62,97.88,4,80,Prime,True,2,0.8939999999999998,0.21124224844968995,0.8624273254650928,0.9016236867239731,0.8294937917860553,11.509531282890247,0.06166666666666667,1.6633333333333333,1756.48,0.006552611634001097
17486,2751,345,98.71,5,120,Prime,True,1,0.9354999999999997,0.5503100620124025,0.7897569813962789,0.9229688597518144,0.8491313509716693,15.607267081341694,0.008333333333333333,0.8683333333333333,2388.785,0.006533558726022516
2643,1350,62,97.3,3,40,Prime,True,3,0.8649999999999999,0.2700540108021604,0.8244837967593518,0.8861985472154963,0.8153026634382566,21.388898788880315,0.06666666666666667,2.435,3287.25,0.006506623709447202
18528,1442,364,95.76,5,120,Prime,True,1,0.7880000000000003,0.28845769153830764,0.7650626925385078,0.8430583501006038,0.7756136820925555,7.186210314082243,0.02,0.7816666666666666,1127.1633333333332,0.006375482684333454
23415,1389,158,98.35,0,0,Prime,True,6,0.9174999999999998,0.2778555711142228,0.858893328665733,0.9138134592680046,0.8407083825265643,41.63661964272068,0.125,4.755,6604.695,0.006304094230349878
2660,1235,148,96.94,0,0,Prime,True,6,0.8469999999999999,0.2470494098819764,0.8187851770354069,0.8764044943820224,0.8062921348314607,35.08234732622234,0.13833333333333334,4.533333333333333,5598.666666666667,0.006266196831309062
25023,1406,63,98.96,0,0,Prime,True,6,0.9479999999999997,0.28125625125025006,0.8792231246249247,0.9292364990689012,0.8548975791433892,42.90922078984648,0.12833333333333333,4.885,6868.3099999999995,0.0062474205139031996
15617,1291,264,99.61,0,0,Prime,True,6,0.9804999999999999,0.25825165033006603,0.9088745049009801,0.9451960559504701,0.8695803714744325,38.31265115156208,0.14166666666666666,4.843333333333334,6252.743333333334,0.006127334692808769
2685,1504,208,95.74,0,0,Prime,True,6,0.7869999999999997,0.3008601720344069,0.7606419483896777,0.8424760946149973,0.7750780070457975,39.8867519829058,0.11166666666666666,4.53,6813.120000000001,0.005854403266477883
26888,1315,274,97.11,0,0,Prime,True,6,0.8554999999999999,0.26305261052210444,0.8199342168433685,0.8810508392118706,0.8105667720749209,35.603401639672946,0.13333333333333333,4.628333333333333,6086.258333333333,0.005849801255506946
27167,1190,256,95.46,3,40,Prime,True,3,0.7729999999999997,0.23804760952190437,0.7696857171434284,0.8342625443487074,0.7675215408008108,15.65431223407975,0.075,2.2683333333333335,2699.316666666667,0.00579936115958227
8151,1466,300,97.66,0,0,Prime,True,6,0.8829999999999998,0.29325865173034604,0.8301224044808959,0.8958233317330772,0.824157465194431,39.68695263404772,0.12,4.696666666666666,6885.313333333333,0.005764000955761063
16072,1144,292,95.4,5,120,Prime,True,1,0.7700000000000002,0.22884576915383076,0.7703462692538509,0.8324873096446702,0.7658883248730967,4.983441195088453,0.02666666666666667,0.765,875.16,0.005694320118707954
16993,1219,283,95.46,0,0,Prime,True,6,0.7729999999999997,0.24384876975395078,0.7679453690738145,0.8342625443487074,0.7675215408008108,29.131371597441085,0.14166666666666666,4.3566666666666665,5310.776666666667,0.005485331699275828
8807,1888,160,99.87,4,80,Prime,True,2,0.9935000000000003,0.3776755351070214,0.8821473394678937,0.9514474583998177,0.8753316617278323,17.90604088312898,0.03333333333333333,1.7516666666666667,3307.1466666666665,0.00541434737793979
9055,1213,119,99.13,0,0,Prime,True,6,0.9564999999999998,0.2426485297059412,0.8967554410882175,0.9334569904938557,0.8587804312543472,31.566937752689924,0.15666666666666668,4.821666666666666,5848.681666666666,0.005397274044268653
10951,1257,242,98.78,0,0,Prime,True,6,0.9390000000000001,0.2514502900580116,0.8818649129825965,0.924731182795699,0.8507526881720431,31.686743343838145,0.15,4.776666666666666,6004.2699999999995,0.005277368163629908
14459,1324,102,96.39,4,80,Prime,True,2,0.8195,0.26485297059411883,0.7941941088217643,0.8611042337212181,0.7922158950235207,11.163482426276895,0.04833333333333333,1.6183333333333334,2142.6733333333336,0.005210072040664261
26434,1305,334,95.4,0,0,Prime,True,6,0.7700000000000002,0.26105221044208843,0.7606843368673736,0.8324873096446702,0.7658883248730967,29.313525527675417,0.13,4.343333333333334,5668.05,0.005171712586811234
19803,1319,195,95.24,5,120,Prime,True,1,0.7619999999999998,0.2638527705541108,0.7542441688337665,0.8277268093781853,0.7615086646279305,5.227041544718299,0.023333333333333334,0.7733333333333333,1020.0266666666666,0.005124416562362715
8124,1343,314,96.83,0,0,Prime,True,6,0.8414999999999999,0.26865373074614923,0.8084538807761551,0.8733774185647808,0.8035072250795984,30.85944078903046,0.13333333333333333,4.573333333333333,6141.986666666667,0.005024341872395869
15088,1505,280,99.39,4,80,Prime,True,2,0.9695,0.30106021204240846,0.8883319363872775,0.9398478912191749,0.864660059921641,13.069218496156216,0.045,1.7366666666666666,2613.6833333333334,0.005000306781421959
13473,1368,75,97.68,0,0,Prime,True,6,0.8840000000000003,0.27365473094618925,0.8367035807161435,0.8963531669865645,0.8246449136276394,31.121901157941277,0.13666666666666666,4.701666666666667,6431.880000000001,0.004838694309897149
26230,1341,310,98.37,0,0,Prime,True,6,0.9185000000000002,0.268253650730146,0.8624739047809563,0.9143261741798443,0.8411800802454568,30.847493677844366,0.14166666666666666,4.783333333333333,6414.45,0.004809062924778331
15461,1099,353,98.67,3,40,Prime,True,3,0.9335000000000001,0.21984396879375875,0.8874968093618725,0.9219592219357863,0.8482024841809234,12.90127045738779,0.09166666666666666,2.453333333333333,2696.213333333333,0.004784959074969757
9236,1488,288,98.15,3,40,Prime,True,3,0.9075000000000003,0.2976595319063813,0.8459521404280859,0.9086595492289444,0.835966785290629,17.677834841901475,0.06666666666666667,2.513333333333333,3739.8399999999997,0.004726896028145984
7912,1292,173,99.64,0,0,Prime,True,6,0.982,0.25845169033806764,0.9098644928985796,0.9459211732355637,0.8702474793767186,29.668051750816296,0.15,4.858333333333333,6276.966666666667,0.004726495029576328
18167,1381,265,95.13,5,120,Prime,True,1,0.7564999999999997,0.27625525105021004,0.7466734246849367,0.8244313825709173,0.7584768719652439,4.855162287570597,0.021666666666666667,0.745,1028.845,0.004719041534507721
6423,1424,72,98.27,0,0,Prime,True,6,0.9134999999999998,0.28485697139427885,0.8539929085817161,0.9117577478116867,0.8388171279867518,31.77016407296928,0.13333333333333333,4.7683333333333335,6790.106666666667,0.004678890278547801
28900,1333,343,98.91,5,120,Prime,True,1,0.9454999999999998,0.2666533306661332,0.8818540008001599,0.9279888137963178,0.8537497086926125,5.470641894348273,0.02666666666666667,0.8783333333333333,1170.8183333333334,0.004672494219298132
30611,1401,356,96.72,0,0,Prime,True,6,0.836,0.28025605121024205,0.8011231846369273,0.8703339882121807,0.8007072691552063,29.04244239957575,0.12833333333333333,4.501666666666667,6306.835,0.004604915524121965
5256,1485,165,95.83,4,80,Prime,True,2,0.7914999999999999,0.2970594118823765,0.7649321764352869,0.8450916394677378,0.7774843083103188,10.273488983435547,0.04,1.5033333333333334,2232.4500000000003,0.004601889844536516
25584,1270,345,99.29,3,40,Prime,True,3,0.9645000000000004,0.2540508101620324,0.8989347569513905,0.9373989373989375,0.8624070224070226,14.505267650538268,0.08166666666666667,2.535,3219.4500000000003,0.004505511081252471
9678,1637,223,96.05,3,40,Prime,True,3,0.8024999999999999,0.3274654930986197,0.763510352070414,0.8514357053682896,0.7833208489388265,16.91900689133158,0.055,2.305,3773.2850000000003,0.0044838931836136365
14500,1133,225,97.34,5,120,Prime,True,1,0.8670000000000002,0.22664532906581317,0.8389064012802562,0.8872762457668119,0.8162941461054669,4.089376082085088,0.03,0.815,923.395,0.00442863138969248
4070,1369,62,98.39,4,80,Prime,True,2,0.9195,0.27385477095419086,0.8614935687137427,0.9148384052842652,0.841651332861524,10.21200558284764,0.05,1.6883333333333332,2311.3283333333334,0.004418240989639135
8134,1475,271,99.63,0,0,Prime,True,6,0.9814999999999998,0.2950590118023605,0.8985322964592917,0.9456795782718312,0.8700252120100848,31.59423434758246,0.13333333333333333,4.931666666666667,7274.208333333333,0.004343322723217183
7220,1338,176,95.79,5,120,Prime,True,1,0.7895000000000003,0.26765353070614123,0.7723539407881579,0.8439306358381504,0.7764161849710984,4.364074348688975,0.023333333333333334,0.76,1016.88,0.004291631607160113
2075,1752,316,97.39,5,120,Prime,True,1,0.8695,0.35047009401880375,0.8035089717943589,0.888620439719739,0.81753080454216,5.996714989825549,0.018333333333333333,0.815,1427.8799999999999,0.00419973316372913
7870,1117,265,95.34,3,40,Prime,True,3,0.7670000000000001,0.22344468893778754,0.7698665933186637,0.8307066598881546,0.7642501270971023,10.401436798695231,0.085,2.2483333333333335,2511.3883333333333,0.0041417078596082905
13461,1368,364,95.82,0,0,Prime,True,6,0.7909999999999997,0.27365473094618925,0.771603580716143,0.8448016072325463,0.7772174786539426,24.663267219829873,0.13166666666666665,4.406666666666666,6028.32,0.004091233912570978
29849,1293,278,95.4,4,80,Prime,True,2,0.7700000000000002,0.2586517303460692,0.7614044808961794,0.8324873096446702,0.7658883248730967,7.869113361711657,0.04833333333333333,1.5066666666666666,1948.12,0.004039337084836487
13678,1498,354,99.28,5,120,Prime,True,1,0.9640000000000001,0.2996599319863973,0.8849020204040808,0.9371534195933456,0.862181146025878,5.089692411416334,0.023333333333333334,0.8533333333333334,1278.2933333333335,0.003981631037802747
29093,1264,236,95.53,3,40,Prime,True,3,0.7765000000000001,0.2528505701140228,0.7676948289657931,0.8363268403743992,0.7694206931444473,11.144422937967656,0.075,2.265,2862.96,0.0038926226485761785
5344,1716,252,98.78,0,0,Prime,True,6,0.9390000000000001,0.34326865373074616,0.8543194038807762,0.924731182795699,0.8507526881720431,31.829651956149785,0.11166666666666666,4.818333333333333,8268.26,0.0038496191406837453
5766,1361,348,96.47,0,0,Prime,True,6,0.8234999999999999,0.272254450890178,0.7947736647329464,0.8633555720286632,0.7942871262663702,23.27379402879791,0.13666666666666666,4.486666666666666,6106.353333333333,0.003811406376003667
8046,1243,360,97.44,0,0,Prime,True,6,0.8719999999999999,0.2486497299459892,0.835805081016203,0.8899613899613898,0.8187644787644787,21.59931406913488,0.155,4.6066666666666665,5726.086666666666,0.0037720899676337793
4741,1474,125,97.44,3,40,Prime,True,3,0.8719999999999999,0.2948589717943589,0.8219423084616921,0.8899613899613898,0.8187644787644787,13.02585071581592,0.06833333333333333,2.4233333333333333,3571.9933333333333,0.003646661541683333
7116,1422,349,95.79,5,120,Prime,True,1,0.7895000000000003,0.2844568913782757,0.7673129325865174,0.8439306358381504,0.7764161849710984,4.006448303487612,0.023333333333333334,0.79,1123.38,0.003566423030041136
17189,1462,69,96.65,4,80,Prime,True,2,0.8325000000000002,0.29245849169833965,0.7950124524904982,0.868388683886839,0.798917589175892,8.025421899933034,0.045,1.5733333333333333,2300.213333333333,0.003488990253048863
11258,1528,289,98.16,5,120,Prime,True,1,0.9079999999999998,0.3056611322264453,0.8439016603320663,0.9089184060721062,0.8362049335863377,4.54547886437084,0.023333333333333334,0.8533333333333334,1303.8933333333334,0.003486081835199331
30090,1331,120,95.12,0,0,Prime,True,6,0.7560000000000002,0.26625325065013,0.7493240248049611,0.8241308793456034,0.7582004089979552,18.968860371747468,0.135,4.278333333333333,5694.461666666667,0.0033311068687641473
19848,1506,104,97.53,3,40,Prime,True,3,0.8765000000000001,0.30126025205041007,0.823171924384877,0.8923669636407416,0.8209776065494824,11.119253620986123,0.06666666666666667,2.375,3576.75,0.0031087589630212128
30849,1923,124,98.27,5,120,Prime,True,1,0.9134999999999998,0.3846769353870774,0.8240469193838765,0.9117577478116867,0.8388171279867518,4.919949614599797,0.018333333333333333,0.85,1634.55,0.0030099719278087527
3325,1187,326,96.41,0,0,Prime,True,6,0.8204999999999998,0.23744748949789957,0.8031157531506299,0.8616679039841623,0.7927344716654293,15.205599787466523,0.16166666666666665,4.42,5246.54,0.002898214782974403
5151,1686,131,96.98,0,0,Prime,True,6,0.8490000000000002,0.33726745349069814,0.7931197639527906,0.8775012201073695,0.80730112249878,21.88517791677792,0.115,4.576666666666667,7716.260000000001,0.0028362416399626135
4794,1419,214,99.77,4,80,Prime,True,2,0.9884999999999998,0.28385677135427084,0.9067929685937186,0.94905186200594,0.8731277130454649,6.97523298448608,0.05333333333333334,1.7516666666666667,2485.6150000000002,0.0028062403004834135
21334,1566,62,97.25,0,0,Prime,True,6,0.8625,0.3132626525305061,0.8097712042408481,0.8848484848484849,0.8140606060606062,19.504653018625564,0.12666666666666668,4.626666666666667,7245.360000000001,0.0026920198607971947
14212,1510,270,99.63,4,80,Prime,True,2,0.9814999999999998,0.30206041208241646,0.8964318763752749,0.9456795782718312,0.8700252120100848,7.045746670482874,0.05,1.7416666666666667,2629.9166666666665,0.0026790760178014034
16063,1695,238,95.39,4,80,Prime,True,2,0.7695000000000001,0.33906781356271254,0.7369296559311862,0.8321909113988322,0.7656156384869256,6.812157519454538,0.03833333333333333,1.51,2559.45,0.002661570852899857
16859,1635,167,97.35,0,0,Prime,True,6,0.8674999999999997,0.3270654130826165,0.8091303760752148,0.8875453446191051,0.8165417170495767,19.49276958778354,0.12,4.591666666666667,7507.375,0.002596482737013076
10851,1438,358,99.96,0,0,Prime,True,6,0.9979999999999997,0.28765753150630125,0.9123027405481094,0.9535941765241127,0.8773066424021837,18.164523377242446,0.14666666666666667,4.901666666666666,7048.596666666666,0.0025770411099196268
7675,1523,322,96.09,5,120,Prime,True,1,0.8045000000000002,0.3046609321864373,0.7717517203440689,0.8525816911948118,0.7843751558992268,3.1460726005394375,0.023333333333333334,0.815,1241.245,0.002534610492319758
18686,1570,209,97.91,0,0,Prime,True,6,0.8954999999999999,0.3140628125625125,0.8326311562312462,0.9024099260319732,0.8302171319494154,17.62771845151315,0.12833333333333333,4.683333333333334,7352.833333333334,0.0023974048713439012
15005,1723,324,96.23,3,40,Prime,True,3,0.8115000000000002,0.34466893378675734,0.764649319863973,0.8565746955008701,0.7880487198608005,9.436491147523121,0.058333333333333334,2.3216666666666668,4000.231666666667,0.0023589861622655486
15766,1391,297,96.42,3,40,Prime,True,3,0.8210000000000001,0.27825565113022604,0.7912233046609322,0.8619495299356754,0.7929935675408214,7.720697504091969,0.075,2.355,3275.805,0.002356885560676527
12627,1746,70,98.34,5,120,Prime,True,1,0.9170000000000001,0.3492698539707942,0.8371190438087618,0.9135569201700521,0.840472366556448,3.301562185409584,0.02,0.8033333333333333,1402.6200000000001,0.0023538536349186406
2873,1633,219,97.3,0,0,Prime,True,6,0.8649999999999999,0.32666533306661333,0.8075004000800159,0.8861985472154963,0.8153026634382566,16.75354045633359,0.12333333333333334,4.638333333333334,7574.3983333333335,0.0022118641929095256
15851,1313,253,96.66,3,40,Prime,True,3,0.8329999999999999,0.2626525305061012,0.8043042408481695,0.8686669945892769,0.7991736350221348,6.741053564761436,0.08,2.3516666666666666,3087.7383333333332,0.002183168661667068
9571,1595,233,98.87,0,0,Prime,True,6,0.9435000000000002,0.3190638127625525,0.8647308561712344,0.9269885700956381,0.852829484487987,16.68230967325209,0.13333333333333333,4.82,7687.900000000001,0.002169943635225756
7368,1552,251,99.41,0,0,Prime,True,6,0.9704999999999998,0.3104620924184837,0.8862113722744547,0.9403363280350149,0.8651094217922137,16.086739417464432,0.13833333333333334,4.881666666666667,7576.346666666667,0.0021232844965028566
20511,1234,321,96.64,5,120,Prime,True,1,0.8320000000000001,0.2468493698739748,0.8083451890378076,0.8681102362204725,0.7986614173228347,2.036913561799006,0.028333333333333332,0.78,962.52,0.0021162298568331113
11080,1752,334,99.66,3,40,Prime,True,3,0.9829999999999999,0.35047009401880375,0.8829589717943587,0.9464040311497938,0.8706917086578103,9.213512838126332,0.065,2.585,4528.92,0.0020343730598302314
28018,1528,264,96.97,0,0,Prime,True,6,0.8484999999999999,0.3056611322264453,0.8022516603320663,0.8772272394434952,0.8070490602880156,14.179892132836054,0.13333333333333333,4.591666666666667,7016.066666666667,0.002021060062072204
27591,1566,98,96.69,3,40,Prime,True,3,0.8344999999999999,0.3132626525305061,0.7901712042408481,0.8695011059228311,0.7999410174490047,7.233050165615286,0.065,2.3066666666666666,3612.24,0.0020023725349410026
14490,2071,337,99.21,4,80,Prime,True,2,0.9604999999999997,0.41428285657131425,0.8480651430286055,0.935431613052534,0.8605970840083312,6.870254883671126,0.035,1.665,3448.215,0.0019924090822849285
15679,1720,363,99.13,0,0,Prime,True,6,0.9564999999999998,0.34406881376275256,0.8663293558711741,0.9334569904938557,0.8587804312543472,16.158295997435964,0.12833333333333333,4.94,8496.800000000001,0.0019016919307781707
4118,1961,296,95.2,3,40,Prime,True,3,0.7600000000000001,0.39227845569113823,0.7143164632926585,0.8265306122448981,0.7604081632653062,8.277974321343816,0.05,2.24,4392.64,0.0018845100716980711
1805,1748,90,99.26,0,0,Prime,True,6,0.9630000000000003,0.34966993398679735,0.869199019803961,0.9366620434581601,0.8617290799815073,16.018825814190894,0.12333333333333334,4.878333333333333,8527.326666666666,0.0018785284580229008
24011,1471,230,97.64,0,0,Prime,True,6,0.882,0.29425885177035405,0.8291223444688938,0.8952929875120077,0.8236695485110471,12.571657743139589,0.14,4.628333333333333,6808.278333333333,0.0018465252340799214
18064,1676,316,98.99,3,40,Prime,True,3,0.9494999999999998,0.33526705341068214,0.8640698839767952,0.9299837171435216,0.8555850197720399,7.386111776520735,0.06833333333333333,2.535,4248.66,0.0017384567784950397
9467,1194,313,97.16,4,80,Prime,True,2,0.8579999999999999,0.2388477695539108,0.8289456691338266,0.8824101068999027,0.8118172983479105,3.221452499988585,0.06,1.5766666666666667,1882.54,0.0017112265874768052
8471,1605,248,98.34,3,40,Prime,True,3,0.9170000000000001,0.32106421284256853,0.8455807361472295,0.9135569201700521,0.840472366556448,6.656631151691571,0.06833333333333333,2.453333333333333,3937.6,0.0016905300568091151
21317,1765,70,96.75,4,80,Prime,True,2,0.8375,0.3530706141228246,0.7803288157631525,0.8711656441717791,0.8014723926380368,4.60867644808595,0.04,1.57,2771.05,0.0016631516746669851
16570,1477,173,98.83,0,0,Prime,True,6,0.9414999999999999,0.29545909181836366,0.8704122724544908,0.9259864580901237,0.8519075414429138,11.554035882068641,0.14666666666666667,4.798333333333333,7087.138333333332,0.001630282257611073
16663,1810,161,96.49,0,0,Prime,True,6,0.8244999999999998,0.36207241448289657,0.7685282756551308,0.8639170165472955,0.7948036552235118,13.163824176468408,0.11166666666666666,4.541666666666667,8220.416666666668,0.0016013572924894407
3163,1330,197,97.75,4,80,Prime,True,2,0.8875,0.26605321064212845,0.8414340368073614,0.8982035928143712,0.8263473053892215,3.353618967785248,0.056666666666666664,1.65,2194.5,0.0015281927399340388
16261,1708,255,95.06,4,80,Prime,True,2,0.7530000000000001,0.3416683336667333,0.7245994998999801,0.8223246287762418,0.7565386584741425,3.8239414964613867,0.04,1.5,2562.0,0.0014925610837085818
15168,1650,290,98.45,3,40,Prime,True,3,0.9225000000000001,0.3300660132026405,0.8467301960392078,0.9163722025912839,0.8430624263839812,5.936039192684718,0.06833333333333333,2.4966666666666666,4119.5,0.0014409610857348508
8592,1377,106,96.94,0,0,Prime,True,6,0.8469999999999999,0.27545509101820365,0.8102634726945388,0.8764044943820224,0.8062921348314607,8.766644891933593,0.15,4.5,6196.5,0.0014147736451115295
12735,1880,224,97.3,3,40,Prime,True,3,0.8649999999999999,0.3760752150430086,0.7926774354870973,0.8861985472154963,0.8153026634382566,6.232258548040709,0.058333333333333334,2.4183333333333334,4546.466666666667,0.0013707916509613418
29472,1197,253,99.57,5,120,Prime,True,1,0.9784999999999997,0.23944788957791557,0.913115633126625,0.9442276795960521,0.868689465228368,1.308704005990447,0.03333333333333333,0.865,1035.405,0.001263953724378815
16856,1290,310,98.8,5,120,Prime,True,1,0.9399999999999998,0.2580516103220644,0.8805845169033805,0.925233644859813,0.8512149532710279,1.2698316097729057,0.03,0.8366666666666667,1079.3,0.001176532576459655
29606,1737,82,97.24,0,0,Prime,True,6,0.8619999999999998,0.34746949389877974,0.7991591518303659,0.8845780795344325,0.8138118331716779,9.306960874122781,0.12166666666666667,4.585,7964.1449999999995,0.0011686076627337627
18255,1558,195,95.52,0,0,Prime,True,6,0.7759999999999998,0.3116623324664933,0.7497013002600518,0.8360323886639675,0.7691497975708501,7.931096262386175,0.13166666666666665,4.415,6878.57,0.0011530152724165306
21940,1464,222,96.31,0,0,Prime,True,6,0.8155000000000001,0.2928585717143429,0.7829924284856973,0.8588439593153064,0.790136442570082,7.4013835818688705,0.14166666666666666,4.501666666666667,6590.4400000000005,0.001123048473526634
6342,1401,318,95.65,5,120,Prime,True,1,0.7825000000000003,0.28025605121024205,0.7636731846369276,0.8398486759142498,0.7726607818411099,1.1467356884174107,0.025,0.755,1057.755,0.0010841222101690944
19338,1905,354,99.87,4,80,Prime,True,2,0.9935000000000003,0.38107621524304863,0.8811271354270855,0.9514474583998177,0.8753316617278323,3.450232656448354,0.041666666666666664,1.7183333333333333,3273.4249999999997,0.0010540130464111303
13496,1598,259,97.3,3,40,Prime,True,3,0.8649999999999999,0.3196639327865573,0.8096008201640327,0.8861985472154963,0.8153026634382566,3.4918414115814524,0.06833333333333333,2.3583333333333334,3768.616666666667,0.0009265578647111325
3031,1280,325,97.84,5,120,Prime,True,1,0.8920000000000001,0.2560512102420484,0.8475846369273855,0.9005736137667305,0.8285277246653922,0.9199800438151048,0.03,0.8216666666666667,1051.7333333333333,0.0008747274757369784
5887,1403,186,98.82,0,0,Prime,True,6,0.9409999999999996,0.2806561312262453,0.8745031606321262,0.9257356375525454,0.8516767865483418,5.811343652190507,0.15833333333333333,4.778333333333333,6704.001666666667,0.0008668469879841179
5419,1594,336,98.04,5,120,Prime,True,1,0.9020000000000004,0.3188637727545509,0.8357408681736349,0.905803996194101,0.833339676498573,1.0806526148475584,0.023333333333333334,0.795,1267.23,0.0008527675440508498
15578,2629,73,98.15,5,120,Prime,True,1,0.9075000000000003,0.5259051810362072,0.777478445689138,0.9086595492289444,0.835966785290629,1.7997919448720434,0.015,0.85,2234.65,0.0008054021635925283
7378,2422,98,99.12,5,120,Prime,True,1,0.9560000000000002,0.484496899379876,0.8238509301860373,0.9332096474953618,0.8585528756957329,1.5289809178898857,0.016666666666666666,0.8633333333333333,2090.9933333333333,0.0007312222824988533
21425,1302,253,99.22,4,80,Prime,True,2,0.961,0.2604520904180836,0.8945643728745749,0.9356779268857011,0.860823692734845,1.5878308007507045,0.06166666666666667,1.7116666666666667,2228.59,0.0007124822424720135
25799,2581,304,97.7,5,120,Prime,True,1,0.8850000000000001,0.5163032606521304,0.764609021804361,0.8968824940047962,0.8251318944844126,1.3229572179369002,0.015,0.8233333333333334,2125.0233333333335,0.0006225612665916924
4142,1605,225,96.22,5,120,Prime,True,1,0.8109999999999999,0.32106421284256853,0.7713807361472294,0.8562904027846842,0.7877871705619095,0.7515329935391145,0.023333333333333334,0.7916666666666666,1270.625,0.0005914671862580341
1237,3946,319,98.66,5,120,Prime,True,1,0.9329999999999998,0.7893578715743149,0.7162926385277053,0.9217065166432254,0.8479699953117674,1.9747177278510017,0.01,0.85,3354.1,0.0005887474219167592
3639,1413,320,99.56,0,0,Prime,True,6,0.9780000000000001,0.2826565313062612,0.8998030406081217,0.9439853076216713,0.8684664830119376,3.7341011702299625,0.16333333333333333,4.8533333333333335,6857.76,0.000544507414991187
22893,1748,222,97.05,4,80,Prime,True,2,0.8524999999999998,0.34966993398679735,0.7918490198039606,0.8794153471376369,0.809062119366626,1.4917503070982723,0.043333333333333335,1.5966666666666667,2790.9733333333334,0.0005344910642039834
3160,1706,315,98.45,0,0,Prime,True,6,0.9225000000000001,0.34126825365073016,0.843369523904781,0.9163722025912839,0.8430624263839812,3.778983008797123,0.13166666666666665,4.7316666666666665,8072.223333333333,0.0004681464886126527
21348,1259,179,97.97,5,120,Prime,True,1,0.8985,0.2518503700740148,0.8533948889777955,0.9039790326423636,0.8316607100309745,0.36151328482312245,0.03166666666666667,0.8383333333333334,1055.4616666666668,0.00034251673579472085
21611,1836,206,97.46,0,0,Prime,True,6,0.8729999999999997,0.3672734546909382,0.8009179635927183,0.8904968644476602,0.8192571152918474,2.6900649730540924,0.12,4.633333333333334,8506.800000000001,0.00031622525192247285
17111,1695,169,95.54,3,40,Prime,True,3,0.7770000000000004,0.33906781356271254,0.7421796559311864,0.8366211431461813,0.7696914516944868,0.8690967066154309,0.065,2.283333333333333,3870.25,0.00022455828605785956
14214,1730,181,95.6,0,0,Prime,True,6,0.7799999999999997,0.34606921384276856,0.7421792358471692,0.8383838383838382,0.7713131313131312,1.4340775204005773,0.12333333333333334,4.433333333333334,7669.666666666667,0.00018698042336484557
19724,1720,111,99.84,0,0,Prime,True,6,0.9920000000000002,0.34406881376275256,0.8911793558711744,0.9507299270072993,0.8746715328467154,1.5263390628088374,0.13833333333333334,4.91,8445.2,0.00018073450750826945
7509,2061,216,99.36,4,80,Prime,True,2,0.968,0.41228245649129824,0.8539152630526106,0.9391143911439114,0.8639852398523985,0.42375518246922783,0.04,1.7,3503.7,0.00012094505307795412
3101,1928,182,95.06,5,120,Prime,True,1,0.7530000000000001,0.3856771354270854,0.7113968593718744,0.8223246287762418,0.7565386584741425,0.08292777859745305,0.02,0.7933333333333333,1529.5466666666666,5.421722684550524e-05
